Position,Original_AA,A,C,D,E,F,G,H,I,K,L,M,N,P,Q,R,S,T,V,W,Y
1,M,0.017886078473517173,0.0005742616665088422,0.003437661964925524,0.0023676179914738356,0.0014600925167811058,0.008499393607198723,0.0006716710763978627,0.00037799262894914435,0.0015253919747603172,0.0031512785735547137,0.9373640190275031,0.0008390456471311537,0.00125313770996288,0.0039090086583884725,0.0009006304325064089,0.010095393245826442,0.0027684995795213565,0.0020377477499689935,0.000248132041149768,0.0006329454339741662
2,V,0.0753064416195352,0.007041638438616472,0.0036751581835668123,0.003144032841741289,0.0012406250821165173,0.058766510789791365,0.0011584106978441814,0.0005701801720756672,8.760924848887517e-05,0.0023156737633974627,0.001034792259765786,0.0021685139620639463,0.004984307903152679,0.0006436378937924051,4.3477014108443496e-05,0.7194605878676879,0.02516150712274709,0.09226018504414371,0.00012595270213447608,0.0008107573932297097
3,L,0.0002071272116679906,0.0008014041204291222,8.414255480482703e-05,7.124487293085093e-05,0.009973840759957431,0.0001929583081679956,0.00030500538329956706,0.003601079171083627,5.239863797416645e-05,0.9762607469695335,0.00219955576405465,0.00011891208227930051,0.0004395142724046576,0.00025123586776453524,0.0001054271459857724,0.0007990672973514912,0.00024718894840837773,0.00151342315741563,0.001844487529026458,0.0009312399454601238
4,S,0.008433844721157567,0.00018849856350621193,0.001067392198919161,0.0003868526755443397,1.860435240440055e-05,0.0028465471476401467,2.430935198286188e-05,0.00021175764931027926,0.00026387866664348,0.0004979697287553405,0.00017195705718409923,0.006098658019153547,0.0009820424443116097,0.00024499019923223254,4.393198871006959e-05,0.6708239456930273,0.3074499953050977,0.00023312842680055506,3.0081991949808875e-06,8.687611424165765e-06
5,P,0.6399119612693437,0.00020079027414386067,0.04894268729292922,0.05730908885732411,4.553711733420755e-05,0.014162356797940336,0.002353135660130863,0.0002649046954335281,0.023552631368058716,0.00046598843771947744,0.00039372181313811303,0.020852389634153923,0.02078361185477658,0.017170950162665673,0.001700906658098936,0.1271732527778619,0.022308743232649787,0.0023632458893861493,7.878067396211809e-06,3.621813951473432e-05
6,A,0.4596652190824806,0.00012944541085119275,0.023457405846120126,0.2536686534412746,7.580346620710433e-05,0.014367592860780234,0.0016437326629448392,0.0008060987875608215,0.005443032853360719,0.002085402009451777,0.0016823996478679709,0.009806077949059896,0.00055774242119167,0.13159336661345888,0.0015271528861914925,0.0486108280923558,0.038433805811681696,0.0063931740295039945,2.1789651430551463e-05,3.127647622605718e-05
7,D,7.67409386628593e-05,4.839406359513952e-06,0.7395090205998139,0.25905889476950456,1.3509695679787746e-06,7.992453267268109e-05,8.538281466525799e-05,3.145009951066491e-06,6.408561295683928e-06,8.529608812953358e-06,2.9110701777847007e-06,0.0002220958203564969,1.2056106926589533e-06,0.0008450342600134637,1.5608711859352992e-06,3.246789165103536e-05,2.5480473748866878e-05,2.4517679689147073e-05,4.4816451318277867e-07,1.0040946664975506e-05
8,K,0.055026704615859436,0.00116302647883487,7.161324260008482e-05,0.0030746447755384777,0.0002403548771202314,0.0023091765864344236,0.0021146469223246706,0.0670079143299417,0.5457492465853435,0.006016561985076227,0.00477001161473972,0.002270061593852624,0.00021124166682425866,0.04286726738149373,0.05390410260561384,0.015171687987191079,0.03452151980235965,0.16324640873296045,5.784304928194144e-05,0.00020596516660901953
9,T,0.6491754650416818,2.5415234976329657e-05,0.07045837577839482,0.0937063922305905,2.4243247932079545e-05,0.009512101128071817,0.0006821022152923367,0.0007986346015032221,0.00469178597898419,0.001100235834817458,0.0007238697599546714,0.014140254918193448,4.8011936776150545e-05,0.012215642336296227,0.00020986316968200534,0.0591275609548706,0.07716430869370097,0.0061787366238725714,2.06365533864544e-06,1.4936659070154186e-05
10,N,0.26913921965872234,0.0014944422640368572,0.01705113385588415,0.018039807638510718,0.0010246349878728046,0.006227736628154227,0.003469879227614462,0.059232211163296106,0.000558519379782583,0.16800785211468086,0.011629665778737844,0.019121947091012403,7.517627116106527e-05,0.01693401580122262,0.00019074645930961903,0.04688565885287002,0.26531376312599514,0.09520105741900133,2.8378657668999194e-05,0.0003741536244658337
11,V,0.0011574480133315255,0.0001755806695403568,3.6635809882731436e-06,3.08943145300968e-06,0.0004731572743709508,7.804950640933689e-06,1.0786656963634362e-06,0.7452940632819373,1.2940890129089659e-06,0.009664774352904266,0.0009917570635049298,7.531373489360147e-06,1.1615071230719532e-06,1.7418121851735264e-06,1.8734596727668477e-06,1.9329878601301248e-05,0.00035681126869786995,0.24180169140658891,1.2743704993726718e-05,2.340421526701329e-05
12,K,0.14157808322430207,0.0008255826033296706,7.801705415959262e-05,0.0012765288025781592,0.00012869341307129688,0.004768985035337266,0.009737310323931766,0.007868666363281639,0.4122218886810129,0.01429507218408368,0.007021042769994904,0.004634185403699881,0.00010358730010444402,0.16160951162602138,0.04621694364533412,0.04001840621822954,0.06845197879285869,0.07909154360071614,1.0603707435459954e-05,6.336925051739014e-05
13,A,0.5626006031352443,0.0001277011265425395,0.044522487465519525,0.02799717947793616,5.429430533946936e-05,0.04000729154782861,0.0014668539490522335,0.0005750838272141387,0.0015347469899756685,0.0014506760052384086,0.00048360334584007266,0.05809260047753416,9.913324441941996e-06,0.00895523456494831,0.00014192215538322392,0.14864293379063154,0.09879783179217304,0.004474300150857815,5.837727100054112e-06,5.890484119881669e-05
14,A,0.016481170505074073,0.0014284913829433333,1.3810940931219489e-05,0.00011936998900085596,0.05173251128474723,0.00013485344293677845,0.00018819122862868487,0.480092525139639,1.8966207686086703e-05,0.12472580034140651,0.009553030418960254,6.250131624638749e-05,1.6708194891955645e-05,0.0001689058742162126,1.5201686425608225e-05,0.000622951824847166,0.00654515525400999,0.3073077043172142,0.00011461836648295613,0.000657532283711455
15,W,6.3210593070269714e-06,5.789320025719395e-05,1.9522181586664816e-07,3.040744591084303e-07,0.011461772703546976,1.0393822939254441e-05,2.7380748301887766e-06,2.4697160630511568e-05,6.665410260788141e-07,0.0005020493465922417,7.20489775318637e-05,8.963911838685144e-07,6.993521819763269e-07,1.923810416040628e-06,1.84659660837611e-05,1.0430026596377875e-05,2.2144123859681886e-06,1.769621044895471e-05,0.9877292730812088,7.932056655788887e-05
16,G,0.5363732207176255,5.2827205972806994e-05,0.08527666023297834,0.03295476157860987,1.7712895518869426e-05,0.24416281753347813,0.00024514287794539857,0.000291067703578143,0.0010511882818906822,0.0010222053106302142,0.0003035291098737925,0.006478589141801691,0.0002506795214526243,0.001771664567044172,4.176971619352847e-05,0.04719452994511044,0.03721360234377905,0.0052887598417219964,1.7940525373430932e-06,7.477422257443261e-06
17,K,0.008624352968190268,0.00010149640999799258,5.201777151575049e-05,0.00016552385103951807,5.2858357468477814e-05,0.0007046645254995554,0.0014849898194889417,0.0021758061847325936,0.9605795668615859,0.0036549564318962453,0.0006375946606990168,0.0016849340238187936,0.00016808383719383284,0.0024075459703688557,0.005359345529750906,0.002273456183482787,0.00474098626499167,0.005097383067289544,4.173438168413878e-06,3.0263842820997494e-05
18,V,0.0020607858931768535,0.00040541235333497425,1.8800190167799683e-05,1.2536365694833393e-05,0.0059617933727861,2.753394691549308e-05,1.5298607377191136e-05,0.5776344319310305,4.872815888081734e-06,0.03726328185645636,0.022129388029172657,2.4576888078027302e-05,1.1801524844675378e-05,1.5325037753136232e-05,3.1825837965323216e-06,5.7426127298742553e-05,0.0005017442741541403,0.35366971788963164,5.734961927312309e-05,0.00012474069316921013
19,G,0.3436691416825634,0.0003035132305077215,0.001334807001978923,0.02817651545522505,0.001030485038658791,0.03360591546909848,0.002330975947685274,0.000321894053521452,0.0015182508992502924,0.0015588041333730483,0.0010277997209129299,0.004354770451669169,2.1596708863216922e-05,0.022885499297053007,7.008847687493736e-05,0.5453356000549153,0.007953161891367862,0.004037100133103006,3.695679316487101e-05,0.00042712356021325394
20,A,0.4069624422524357,0.00047854651008550074,0.148041757980144,0.0541210493759639,5.5785439725228e-05,0.14356286410083482,0.0028639006722191037,0.0006097207649283781,0.004690063097309412,0.002899087159272033,0.0009698528136629028,0.010096792171546914,0.04176680534175908,0.00661727211028853,0.00026381462301505943,0.13260330817094873,0.030608903730156917,0.012759750181730048,2.8884537427422944e-06,2.5395050230994765e-05
21,H,0.0008900315997287475,7.868667561434679e-05,0.00017526713914325313,8.348869983768976e-05,2.907048572433494e-05,0.0005020166101657278,0.6304090277908245,4.891356298174805e-05,0.29410090579597964,0.0001206615855038039,0.00032600715624979637,0.049173808412621686,1.975180681113018e-05,0.004009711225515442,0.014664816386912145,0.004305363048270821,0.0007836634372447999,0.00017790603105166225,2.2691661083424843e-06,9.86333837103197e-05
22,A,0.8666743874903128,0.0010550388380911391,9.204432434431648e-05,0.04585526606395955,0.0003530666174829678,0.003134466659826276,0.0004424329593578873,0.0011827637761466466,0.00015674372156000767,0.0010504481648453536,0.0013775695209811661,0.0004431869434721126,0.002415349821323954,0.006232064500614856,1.2217946202558288e-05,0.0524725340486024,0.011460226032286708,0.005284272269792769,5.214106487748944e-05,0.00025377923591906655
23,G,0.15897641578042318,0.000558930077179199,0.3068536016883203,0.20999500561547987,0.00018881222360156127,0.13291336787730468,0.01413514157421079,0.0010356679171880292,0.0008313555750850455,0.0015980046067818605,0.001021171245815353,0.027516163330308936,0.009607734815510005,0.007247038328373881,0.00019042281772625478,0.06530725272259279,0.044469988776852105,0.017081471313838595,2.854960061312484e-05,0.000443904112794409
24,E,0.002905743609725855,4.994156696241907e-06,0.5998846796845441,0.37901244086175173,0.00014352312810711514,0.0005278312712663905,0.0011757257909381464,0.0002933013936865183,0.0007610246123536031,0.0005871986145381803,0.0002804376155791915,0.002183150780867771,0.00010440424575878672,0.0060488289984448875,3.675921744963744e-05,0.0009556052564215306,0.003284831018171555,0.0016632192837211842,3.7586334831311045e-06,0.00014254182649449466
25,Y,0.0008948455745456951,0.0015213470818279254,3.642339481733371e-05,3.714029710247324e-05,0.19256229834454766,5.2716064322714345e-05,0.012980331369265323,0.34154851564629596,5.1346615421158105e-05,0.042439273637926496,0.0041564228522488035,0.0017150902936615958,9.855352671163574e-06,8.677372161900708e-05,0.00010781391779236173,0.00027994236383031005,0.0007645826866502566,0.00968417461089745,0.0053920670593761814,0.38567903911518014
26,G,0.011897397018907236,0.00010106770104385399,4.419396170712358e-06,1.1126648522603303e-05,7.835113940908364e-07,0.980549294239286,3.900261777149092e-07,1.6490582406139644e-06,3.485407869251647e-06,8.468199701279261e-07,2.2076457750931202e-06,2.328076778355876e-06,9.708264293854785e-07,1.0875333285441451e-06,1.0220215885719351e-05,0.006957552497206017,0.00043765784028646133,1.5969364039981817e-05,1.2517587364913503e-06,2.9441395164149123e-07
27,A,0.9025819478204739,0.0007826773222634049,0.0002562076464433379,0.005271068932184867,0.00025393976555429537,0.02624997980482362,0.0003324209067023533,0.0006335031879388022,0.0002382492504648159,0.002240322773258803,0.0012276698198926946,0.0005280434523840351,0.0012536218535314878,0.010372088736738564,0.0002646000834039711,0.02797552763899424,0.013653050526230781,0.00539961324636884,5.572855693367669e-05,0.00042973867541353997
28,E,0.02627863994453598,0.00031207077533978203,0.08553178910787303,0.8569246942104273,0.000101623631092808,0.0014797061460070837,0.0006674667796817208,0.00106897762443322,0.0011161939374367395,0.003328761068376879,0.001027302872584141,0.000693041084409463,6.786787636608289e-05,0.012446944282664792,6.349323731004508e-05,0.0024782674089734048,0.0028865503092201394,0.003424878515245831,1.147119894250998e-05,9.025998907911228e-05
29,A,0.9804337495784706,0.0009002067190125677,1.660146398301694e-05,1.730165517337438e-05,1.9435805747033682e-05,0.001078799541573796,6.146260182596675e-07,0.00012482450711245025,1.980001545225753e-06,7.186548855813955e-05,0.00013096712496607162,5.894877637150559e-06,3.686853837890623e-05,2.6925039848726465e-06,3.316412951125957e-06,0.012780219581081812,0.0026631170007587724,0.0017092194413336787,1.0535473509588375e-06,1.271584362130408e-06
30,L,1.2116119313733486e-05,2.7807195667442592e-05,8.020589502922778e-07,2.412211684348948e-06,0.0003031434230145975,1.647147211406045e-06,2.3983248142432276e-06,0.0021553381392573016,4.269018596823159e-06,0.9925061507345911,0.001016519888562877,2.4762803741912538e-06,5.322035441068442e-05,6.879370910573264e-06,8.077813667043462e-06,9.823823028798941e-06,7.005397860720376e-05,0.003801090456239573,1.208664478778031e-05,3.6870163099564995e-06
31,E,0.002330921249122463,1.3067403337460431e-05,0.00817949517566317,0.9827256407438448,7.059662520743184e-06,0.0009400167525607016,0.00016259366681594038,2.1038485012448607e-05,3.9496361916340304e-05,7.168651666517422e-05,3.2237743361305396e-05,0.00011105915400988066,1.1135339686371444e-05,0.0034532034715714453,1.1862283845384626e-05,0.0011119492689332425,0.0005949236491226473,0.000161799376093662,1.820960989387515e-06,1.899273492740345e-05
32,R,7.353040823479002e-05,0.0003465472614034333,3.007639009952194e-06,1.1945223368171656e-05,7.100086207124079e-06,6.0437927934625654e-05,0.0005322257995375803,0.00010626314064389884,0.001303867447622051,0.0003039695653295659,0.00011043349437829354,7.319619375824887e-05,4.425393098315817e-06,0.00038284054364909906,0.9961529170814517,0.00013612366737074982,0.00022316903175994377,6.22306089245427e-05,8.334900263056435e-05,2.2420483687372715e-05
33,M,0.0004055999299505344,0.0003148883900777505,1.124993689008296e-05,3.502859607506164e-05,0.0006952855085790026,1.361690265899096e-05,1.5847850998696556e-05,0.0024840060757852596,3.903003581407143e-05,0.09804709614634595,0.8601439184721371,4.945994698933752e-05,1.1804131897093127e-05,8.669875966321892e-05,5.036282963110548e-05,7.932930931724998e-05,0.03291142663641548,0.0045837955829605564,6.381925753712448e-06,1.517303205973104e-05
34,F,1.565808061782225e-05,0.0001981205103251638,5.919963073801532e-07,1.1028580991067192e-06,0.9447102659912149,5.129390431604507e-06,5.2260560413646815e-06,0.00035726095869038655,2.4893454653688876e-06,0.053720964442985804,0.0007716690527059056,1.0720138628378682e-06,3.280853925225654e-06,4.0582351880068725e-06,7.100098951026454e-06,6.734516705798641e-05,7.371529958345473e-06,8.412752771101008e-05,2.0050416467365297e-05,1.7115473993389007e-05
35,L,0.016459186451191495,0.001226118486586795,0.0007965537429214379,0.0027166876764456237,0.006558715161048688,0.0027181089686983493,0.000781529701199823,0.06335317636937032,0.0011117049259344763,0.32720151996489105,0.023118648507184526,0.0032436273550687845,3.2957909520331726e-05,0.002746780932021394,0.0005785377798638801,0.10782850687815411,0.2953910099122931,0.14185168769022455,0.00017626871931972785,0.002108672868061484
36,S,0.1293508232629226,0.015130397146523044,0.00021471445769573734,0.00037294829991808126,0.00021617118739794365,0.009109375540765708,0.00021161840683296186,0.0016316151519803564,3.528662155046391e-05,0.0004669898716698353,0.00044409560666400547,0.0031545335665947544,0.00024416213635253725,0.00022062765886342393,5.385937225483617e-05,0.7211595417932405,0.035925738717838815,0.08185304790077995,3.4549641560813634e-05,0.0001699036585935834
37,F,5.390798694317196e-05,0.001246931975709222,1.2655553874214937e-05,5.318730729293215e-06,0.31180530846600607,1.5682560821768982e-06,0.001044301829814162,3.869534734885411e-05,1.1777877221053583e-06,6.88277575287154e-05,9.778697238208235e-06,0.000252912371063384,6.108222061232344e-06,2.584077685353067e-05,3.509487189302943e-06,0.00022382329967727716,2.809924349029911e-05,3.817075060821256e-05,3.2217261133970946e-05,0.6851008461989266
38,P,0.0005676734228398305,5.265448986942324e-06,3.095277045539193e-06,1.002814263942759e-05,3.5826076557031773e-06,6.358808869977439e-05,2.8683131347871368e-05,1.020032256250139e-05,1.908787143794106e-05,0.00022573773089146033,8.374497052069505e-06,2.1914533678896062e-05,0.9980026263463232,9.507007876717388e-05,2.7919355790275813e-05,0.000644283884250907,0.00022341970483447324,3.7066552448100525e-05,8.262746472995874e-07,1.5567281005628667e-06
39,T,0.07201320513053129,0.0011281435077840226,0.0007647137926526838,0.00270347938068952,0.00044050536435245565,0.017289169311599344,0.0014835446774159296,0.0004859846126001674,0.0008276851042343967,0.0013938697772518502,0.0015755672008190052,0.005631421113882655,0.009008916223815755,0.10087669976364459,0.0006361654997881128,0.5127269469199465,0.2676083785189967,0.0013228647976602909,0.0016434517566230706,0.00043928754571166613
40,T,0.0017357828852103648,7.85171468724108e-05,2.264525438819404e-06,1.8785145138962935e-06,5.759562863929595e-06,1.0861747558137518e-06,3.2210573970852415e-06,4.3481704255762945e-05,5.476184001386678e-06,3.566111722786099e-05,0.00013501701729166658,1.3298519554483212e-05,4.234993505702097e-06,2.1551018681119133e-06,4.024659340006893e-06,0.0007150990991770971,0.9970562418924979,0.0001507959851373689,3.354601008821312e-07,5.66839898948686e-06
41,K,1.48249405936105e-05,1.3560292032026378e-06,4.703329090887684e-07,2.827526953230589e-05,1.788829567366157e-07,8.492132001125274e-06,1.224760035771994e-05,7.309610941087e-06,0.997865235269793,1.1920253616424422e-05,6.400969912140037e-05,4.66050590197186e-05,2.447049566137486e-06,0.00034441566988094384,0.0015266177461338603,7.74912315720371e-06,5.1998493470533674e-05,4.6122029418856145e-06,7.194305606055376e-07,5.152042434402495e-07
42,T,0.00533913009762379,3.2469132219864117e-05,0.00036252677152976174,7.484959197427215e-05,1.2165930919060916e-05,0.0011970208168498764,0.00010997058479340186,0.0003005933873909848,0.0007081303673391915,0.00019091014133865362,0.0006589497562583165,0.005014567692591448,0.00015553008453340496,0.00041677259468221996,0.0001796320793805012,0.016594566198135895,0.9682997724509497,0.0003395712794328616,8.933836431751633e-07,1.1977658413631374e-05
43,Y,1.5903745747080194e-05,0.000103643852700645,1.925535751237488e-05,2.6340408930482814e-06,0.0027938165056871707,4.608574862726031e-06,0.00020322888335166773,1.51879852378459e-05,3.827557610905116e-06,6.270660185550192e-05,1.3224739547758586e-05,6.51934776526223e-05,3.3015468833323927e-06,1.1355071571789667e-05,4.483941305647878e-06,6.319733255975331e-05,1.9327824783954204e-05,1.2823652053535987e-05,3.4251104117324525e-05,0.9965480282040653
44,F,5.038491740520072e-07,1.1628430711376815e-05,5.127089166654593e-07,1.2725508775990344e-07,0.9950883967274198,1.0385662888022012e-07,4.390970294926619e-06,2.2550515856483424e-05,4.7915683377941e-07,0.004343114822555024,6.692867624690788e-05,2.171804520901955e-06,1.533866331356986e-06,5.868411900805838e-07,4.4042879898993515e-07,8.494999072403156e-06,3.0766360048563895e-07,3.5093209704285907e-06,6.772219631439859e-05,0.0003764959094753288
45,P,0.005090708538789962,2.589069735020617e-05,4.4613137209937844e-05,2.886575768085555e-05,2.3049633817031942e-05,0.0009171371221161583,0.00141336445862868,3.4060958531791635e-05,0.0002844552645049404,0.0003141907662501201,4.3098582671490734e-05,0.0004150054280210585,0.9372041886677082,0.0008350736299157916,0.00012688693438618541,0.05036457880559361,0.002673884789173655,0.00013784997666996956,2.1120600811742207e-06,2.098479089920565e-05
46,H,8.600310553330246e-05,5.129613487124205e-06,0.00033747364697297067,1.3842627251275435e-05,5.312361178569184e-05,3.3031947052024865e-05,0.994771139065176,1.7988665670749556e-06,0.00011159345408602506,7.466437782949046e-05,8.171545321025337e-06,0.0015626649607814581,1.4700478593619396e-05,0.0010744786364933992,0.00011150643146243387,0.00043664529822228914,7.046619836987323e-05,3.8597248472093625e-06,1.390751335856301e-06,0.0012283156588318623
47,F,1.83613818992637e-05,8.61159175558124e-05,1.1096497522105964e-07,8.422124862269645e-08,0.9777421054507163,2.624998550438467e-06,1.1346932946211173e-05,0.0003447406870253139,8.308717999516128e-07,0.016087705318624548,0.0007994925519820637,1.690003745786157e-06,1.4409052252081775e-06,3.508247227478148e-06,4.46606463549152e-06,1.9573776071226272e-05,9.009695539928871e-06,0.0005755201891489715,0.004004227523022716,0.0002870442980594649
48,D,0.0003608839491078438,4.112558095709031e-06,0.9831961095549852,0.0029239255476888803,3.6098136723803468e-06,0.00023597727155412335,0.00026155101671299563,1.4612565790488293e-05,4.267179550822753e-05,6.832462393176763e-06,3.9934824457493714e-06,0.01197908724045817,4.83312549734052e-05,0.00012588754510031263,3.900433571778152e-06,0.00046779303897237555,0.00011825984805528434,0.00013668574839165466,2.2366467807581597e-07,6.555120784419682e-05
49,L,9.669325628253448e-06,2.075156935288212e-05,7.061203152290531e-07,3.7926642991762875e-07,0.0001877097997477774,1.6291160130162628e-06,1.869197655754551e-05,0.006893771342864913,6.856725316434126e-07,0.9904005775330156,0.0012105443607444229,1.2610070226978664e-05,1.2548217668327336e-05,9.08127293390734e-06,2.1287534365662495e-06,8.721505448752687e-06,4.292839147945841e-05,0.0011478896569811485,3.8143791338856524e-06,1.5161669489783914e-05
50,S,0.040740262095495125,0.0005141830458949723,0.000202996245967643,0.00016760030423644046,0.0001611635034449183,0.017256027476089175,0.01411237796030923,7.724711873811057e-05,0.0012743666779912366,0.00025488692457134924,0.00013941724561983282,0.0062053352830196236,0.00142282452069678,0.001403709714531022,0.0007436587072093933,0.8887579771074221,0.02592686080197283,0.00040600218586853994,2.21888128057199e-05,0.00021091426811600185
51,H,0.040269427193029374,7.680671887701144e-05,7.134636953569176e-05,0.00015697839613683983,0.0004684731011235285,0.0015199554083589852,0.7886847079442374,0.0003438334032893939,0.017191115084378865,0.0007361129278192515,0.00034415786463037337,0.0005136296087538607,0.08709234777894974,0.019977134421506598,0.01691323483046368,0.01290513346800323,0.007360009687179737,0.002848438398970315,4.213665508531811e-05,0.002485020739670828
52,G,0.00026770872886496797,2.7697498705666196e-05,0.0014704358078871233,0.00022871869059004702,2.9983212640304036e-06,0.996076438067954,8.058514162655859e-05,6.906471861796415e-07,3.625456387227998e-05,3.835543879490627e-06,8.531628872340192e-06,0.0009810031683554128,2.3027667202728106e-05,2.6597228681639962e-05,6.842251289741562e-05,0.0006298819191932238,4.1034619013899947e-05,1.3478922169005198e-05,4.907887822867406e-06,7.751433961152697e-06
53,S,0.0006275256280896073,8.871347650950731e-05,3.052749968828871e-05,3.83659956904354e-06,1.984193109621377e-06,0.0004200003993437519,1.0828125131875804e-05,4.216520294220864e-07,1.6064837861624428e-06,2.103043432096143e-06,1.4311819252221205e-06,0.00027909465265032584,6.463512659637441e-06,4.635415418580589e-06,1.0950149850092845e-06,0.9979653382156447,0.0005503361981194778,1.5890158556055665e-06,5.238379395516899e-07,1.9458541125521315e-06
54,A,0.8901107969126217,9.280612044387789e-05,0.013199614967146287,0.01036133121077004,4.9122089323648225e-05,0.018851858346214403,0.0009511923628632845,0.0002123077290516606,0.00015870465174050568,0.0003937718859052718,0.00034437946787549195,0.002948856488404326,0.005831883118207763,0.0019972675439974305,2.351797895716741e-05,0.03837696907444934,0.012130914031851896,0.003923491052328001,7.468173397411374e-06,3.3746794450458325e-05
55,Q,0.013559402264595826,6.885394834425903e-06,0.0017677662016634176,0.0022866308373841373,1.2969941669145664e-05,0.0005801685583697862,0.03932593054042406,4.556764072094627e-05,0.004023453365495774,0.0008225338337099245,0.00024450630280549115,0.0032012690160146025,0.009439579728984267,0.9208429546902043,0.00029772549223636586,0.002604171136591155,0.000700082511245089,0.00021627977599855694,1.3985567452848008e-06,2.0724210307442963e-05
56,V,0.0002142575487990239,0.00027569732917046523,1.063394439130594e-06,6.48647572508618e-06,1.205249925939052e-05,1.0886728545298983e-05,1.190493311308305e-06,0.08216911664287363,2.539283049828277e-06,0.00614345433977281,0.0005887589552873272,8.287938730002006e-06,4.491257935100273e-05,1.1169127383277614e-05,1.7696681357622031e-06,3.888042251886021e-05,0.00036410235820515016,0.9101024158030777,1.060259278971086e-06,1.8981530859275386e-06
57,K,0.002576812992098511,0.0001716981964460591,6.075328147125909e-06,9.600775011927612e-05,2.5316427616966304e-05,0.0005634732757648144,0.004928763553330388,0.00022953164931005879,0.3483030120954056,0.0009556816877524688,0.0006431983376618264,0.0005541256419457753,4.464355232738172e-06,0.00641288344396384,0.6311022749318608,0.0019262202627477517,0.001137772970552964,0.00029583032527455693,3.149280605606888e-05,3.536396871239363e-05
58,G,0.5772464455242728,0.0002056052929943054,0.0005543940912959738,0.0007737042578694903,6.995867651976986e-05,0.37005410099194136,0.00022701179276626678,0.00024302758785670392,0.0014662919299361405,0.0005618609625670973,0.0006284049314249559,0.0012649247112565547,1.2843989722564441e-06,0.0005861427008045226,6.89741086740331e-05,0.035197685861429566,0.008373804564137433,0.0024257304633184765,1.2627852429121155e-05,3.8019299533144195e-05
59,H,1.0298562268141662e-05,4.387311387440456e-06,5.329627533838198e-06,3.2771712116385006e-05,2.8781187275069602e-05,5.417156699769784e-06,0.9976604597511636,5.93904461634214e-06,7.936950616181738e-06,3.692325835252102e-05,1.1389200351480361e-05,1.6753321295569452e-05,3.999625247819604e-06,0.0019996409627113447,3.8431549203144746e-05,4.760528558327229e-06,5.38151408521945e-06,1.0100728135042002e-05,6.0677782363896165e-06,0.00010523023014636871
60,G,0.001909715393989667,3.7827999863203757e-05,3.080766641022962e-05,3.7516265574503894e-05,2.1461350343375747e-06,0.9977516962261701,6.806468721382791e-07,2.3389707846556186e-06,2.5059775330574453e-06,3.0291376048904823e-06,3.661769661692868e-06,2.39135957489038e-06,2.715349258423971e-07,8.325760350325459e-07,3.832061629215845e-05,0.00011432832482370025,8.335091405825985e-06,3.887240504635944e-05,1.4157888319095632e-05,5.640140785612515e-07
61,K,0.09266836864506757,0.0006499463846553307,0.00013047802063844688,0.0013060643581155208,0.0001894602293237593,0.019580903461834158,0.008676205838609818,0.0017621537468467089,0.651364651177928,0.0032011395821905353,0.00231867794026556,0.005009693231565835,1.0713494078104592e-05,0.12736499596751608,0.023333784550082573,0.026648932334315468,0.0307812207825579,0.004832357177569428,2.9126297605354486e-05,0.00014112677923393982
62,K,0.0009439207438533785,2.696761321659649e-05,7.03846484635533e-06,1.677385181543224e-05,8.651146245390417e-06,7.75203147323709e-05,0.0004981444601408234,0.000302048132647857,0.9701413984327258,0.0001859076520620415,0.00019246995067555433,0.0010246436918626728,4.053307274874696e-06,0.0003519994618392206,0.008438997126056577,0.0012225504792395387,0.01579133507681717,0.0007572781800058444,2.0704716994367626e-06,6.231442243013218e-06
63,V,0.00021958281428121135,9.030519444813629e-05,0.0001041579549415946,1.743692808511559e-05,2.7503862162905502e-05,2.879747597031485e-05,1.177491681439992e-06,0.009015237619331304,2.5116421630128956e-06,0.0005119678564490742,0.00019321297127374755,9.322933925535453e-06,6.491833588947045e-07,2.022640706033648e-06,1.4584856939772278e-06,4.925619958749117e-06,0.00011326841614029521,0.9896534450316434,5.754507201804663e-07,2.44042706499546e-06
64,A,0.5375414888844479,0.004648658686497519,4.541427432439681e-05,5.1183106857953504e-05,0.016590446218763766,0.003673262808970959,3.190932027428293e-05,0.011682147194416063,3.475845702772239e-05,0.016657131181981834,0.2513408101417696,0.00010095053661328887,1.416044540704985e-05,4.817277392441272e-05,5.6506364322191336e-05,0.003913500786011083,0.009020379476112296,0.1435256806947874,0.0007633759813962356,0.0002600626660940091
65,D,0.02637257670781282,4.4589508656127034e-05,0.859470599094124,0.0933272185635579,7.826011579674312e-06,0.007131529355378958,0.00018430987133889919,8.416869452050426e-05,8.702960509067668e-05,0.0002920970467180948,0.00010191630618433676,0.0023277083608373686,1.2199554018850601e-06,0.0014129364956223611,5.140883553704167e-06,0.0031762341107527416,0.005425080820679542,0.000539834400245653,9.045022151293869e-07,7.0797057295773335e-06
66,A,0.9837605655496786,0.00010946000828631456,5.407799050410887e-06,2.524689703787335e-05,1.298072736732766e-05,0.006741051283006956,1.693909036732012e-05,1.011354794227692e-05,2.5592877082634336e-05,6.9633663649674536e-06,2.4486496557692326e-05,4.522426416886442e-05,2.220100997561317e-06,2.5587214492969976e-05,1.5311147680706683e-05,0.006680763173346665,0.0015867544682438626,0.0008919720843695184,5.54061524560466e-06,7.819288711850899e-06
67,L,3.19524282601217e-05,1.990978767374814e-05,8.233494177414345e-07,1.0998882491725833e-06,0.001426306693881466,2.174742526053105e-06,6.048434536984487e-06,0.031286683315343025,4.546614481310773e-06,0.9449414440091661,0.0019131522873705059,2.980468583464892e-06,0.00010789438282676472,8.373763799535126e-06,3.3498951529162555e-05,8.837248927648351e-06,5.29882101238571e-05,0.020107281160698154,4.001633096903276e-05,3.987931636131127e-06
68,T,0.06189868587430796,0.0015690610212169185,0.0005247837518220906,0.0003304808456610913,9.29841777627392e-05,0.05918354787199412,0.0004169319045679809,0.0016613041074955996,0.0010989020827759056,0.0002928027627254036,0.0006600766191771014,0.005486333872342187,1.261738775101415e-05,0.0006185669975145637,0.0001744739139727766,0.07024248456784411,0.7864666370386861,0.009092954025959986,5.180390786040391e-05,0.00012456726856194524
69,N,0.26852715456629106,0.0002736477876914784,0.16248779877088979,0.05180054105983456,0.0014557328380961872,0.06724853662390119,0.020093062416393248,0.0007045341342577036,0.051438018047505155,0.0041299528896593645,0.0021474284500115843,0.12024241954331213,6.29577214237796e-05,0.054389553674266455,0.0018433745441033915,0.1098380053640137,0.07627663745839514,0.005171710600296343,0.00017863922975411262,0.0016902942799036464
70,A,0.9770777361388383,0.0031114764858560955,0.0006902141690858186,0.00013219176965262758,8.186726350722192e-05,0.0031396999425715687,3.5196368939429415e-05,0.0003451032716635782,2.3697654448249096e-05,0.00024720686719028993,0.0001864494500166745,8.800078926531571e-05,5.6501769049375534e-06,4.152468626182101e-05,2.69794575365527e-05,0.007245691781760371,0.002162324500540124,0.005309751723324214,2.1600881886005682e-05,2.763662075075963e-05
71,V,0.1483292285392157,0.0036956374748935454,6.784160644572303e-05,6.498103222866037e-05,0.00038224738602536006,0.0005808638865955451,6.358332110477021e-06,0.048901242942237425,7.210026198899196e-06,0.0044321922067625625,0.002876377471746166,2.2799374436757323e-05,3.277916113197958e-05,8.998096563773424e-06,8.619829840458755e-06,0.000975710128823242,0.004655303169955847,0.7848853880756825,1.916650725137287e-05,4.705475185398923e-05
72,A,0.21152631302591424,0.00045355032003079027,0.344362421692456,0.14567655514507166,4.89966301124291e-05,0.043578721871970906,0.0013349972020931951,0.0005048914811416717,0.0011547506714870792,0.004688415929250761,0.0017121462238747938,0.10532797642436767,5.039656584517257e-05,0.017720570163432946,0.00010690341592014604,0.07147910629888034,0.044925383217557145,0.0053009097191215595,5.6082065067374544e-06,4.138579496474976e-05
73,H,0.010253562253449956,0.0013123664316093686,0.00022338966972295962,0.0001771636373364877,0.00015161486725051186,0.01222114939272386,0.6455441925289804,7.18498356138239e-05,0.1384687170910903,0.0010394487182810617,0.0010979546606146627,0.1370038503691465,2.4803919540498507e-05,0.008685933307720483,0.01783979959614063,0.02220785025409846,0.002851691991614453,0.00023678417690265998,1.4588997208350583e-05,0.0005732883009545898
74,V,0.00040819473603826323,0.0005199067619553278,6.759600412714774e-06,2.036122851271909e-05,0.009870195083029101,4.4136347569280796e-05,6.565417368322625e-05,0.5822599104985564,5.120879927107184e-06,0.2904123014937827,0.08522835734294429,3.691881866182819e-05,8.831391423292236e-05,0.00015602989393763672,6.722557343767888e-06,0.00013440602961157,0.0015009778448875181,0.027323567758669887,0.0009479707167692093,0.0009641943194744793
75,D,0.0014670756814164489,1.3521864016894789e-05,0.9474132167385944,0.04069709086914885,5.667129573272452e-06,0.00506080331221387,0.0011551373741778067,1.934612513292935e-06,1.768284005965721e-05,1.2006951775687706e-05,7.116889467364568e-06,0.002504584113008842,4.443214444265099e-05,0.0001308476506169952,5.1164135870098934e-06,0.0011324050509965737,0.0002136867687519137,2.5032396991215868e-05,1.750586135121746e-06,9.089061251220905e-05
76,D,0.00024912820518308514,4.509096603533416e-05,0.9246818308137004,0.005098708905216185,2.361926030418489e-06,0.00021076277492591483,0.0021136594330157655,4.942372299930486e-06,7.354838704562466e-05,2.9754702712987045e-06,1.7353546013240535e-06,0.061189582719433144,9.133707331953846e-06,0.0003230242986088149,8.904308762563272e-06,0.005778988277666205,0.00010535561526553275,6.423899929519411e-05,2.2557923337219942e-07,3.580188607796184e-05
77,M,0.000367673937771357,1.6855120489657538e-05,1.1406746546709079e-05,2.151641504156182e-05,0.0014657299009319703,1.172619558767887e-05,3.497124734828581e-05,0.05828036389476297,4.925971207219661e-06,0.9106997655986617,0.014804011096769912,2.5889032444757244e-05,0.0005732608035334485,0.00010127772368617273,1.0968317342643898e-05,5.682590672398008e-05,0.0005514270122538744,0.012901086607421848,3.407052851330671e-05,2.6247942960899947e-05
78,P,0.24418383370277655,0.00045125245466052534,0.0037980847700025138,0.004102480922345105,0.00017085032165696967,0.10437153727309964,0.007903505523406438,0.0019177296146162346,0.0199135689881537,0.0012039196105508262,0.0013522006284374304,0.03193299725609958,0.25511444317249354,0.011147188355903868,0.0025088833986274283,0.09180426382692448,0.19789956566277114,0.019930167647786292,2.4919801777011052e-05,0.00026860706791072096
79,N,0.24302487093770317,0.0009097764872468786,0.0004002064104199478,0.001163694991362268,0.0002551902321914211,0.44902647600651335,0.03763253666756968,0.000337624564685918,0.011565743154055045,0.0010536083737982657,0.0009581665380623063,0.07424264261565075,0.00044455520559909197,0.0035217325379515167,0.003072705763892831,0.12443304870217704,0.044540093212991114,0.00294517622509629,6.616545739568524e-05,0.00040598591563740464
80,A,0.8933226217736034,0.0044006638718081924,0.00034417946493416816,0.0020952278552177216,0.00015620064327434582,0.030650019232223977,0.0007210067217953243,0.000219231165884789,0.0001837979649368021,0.00021788636171855426,0.000204155211048968,0.0018045154487175779,0.00021996018540353207,0.0003648375743965785,5.356498382261877e-05,0.04132180950548378,0.018097633065286594,0.0052984021553912,1.5671744018321107e-05,0.0003086150710335619
81,L,0.00010757552291508845,0.0002695019903399281,4.993664689940576e-07,1.5566565678406143e-06,0.005491211904721377,3.732409255759072e-06,4.043087646507071e-05,0.0028105394499295276,3.8200020979338675e-06,0.9830893765674819,0.004352824049369839,8.818504988036933e-06,2.7937502195911373e-06,2.2996011303154943e-05,5.33654160063827e-06,2.3711439176341175e-05,0.00021160596346263415,0.002426020143611872,0.00014367931033911163,0.0009839695396854284
82,S,0.22093678715304774,0.0020782576074002885,0.0015999261508829522,0.0007685946554716518,0.00029978309924104065,0.045313949325370494,0.001660767829395277,0.000559684104284056,0.002063432064219086,0.0025828345874547042,0.0005564857065032602,0.009387584979795133,0.0005703189646285142,0.0017949192740508316,0.0005789945174711691,0.6844956630273655,0.022599233416578626,0.0018409207407696405,4.426306880948284e-05,0.0002675997272605511
83,A,0.4829971136706939,0.0008920652881186032,0.02246374124251406,0.04931572681350479,0.00021357726673637683,0.06347007903996746,0.008940184141272744,0.0013615947220091238,0.01219069758058629,0.0032160536466098546,0.0028337208062452026,0.024296465582669118,0.1287589193773839,0.019640181134723666,0.0012543275353927544,0.09776143404116612,0.062183362764577914,0.01793440218389923,1.4346975985375642e-05,0.00026200618594349575
84,L,4.385939541019927e-05,2.422503951132414e-05,3.2777492562937624e-06,4.334575242491859e-06,0.00013989998593558195,2.490908425326685e-06,4.185907173033335e-05,0.00416973928466715,1.288627969720705e-05,0.9913245833351062,0.0010201083179874472,1.3540220474452335e-05,0.0001291936131294489,7.07985434699258e-05,3.854841058877711e-05,3.934419001235603e-05,5.8814185686280516e-05,0.002846757575662942,7.029673249977638e-06,8.709644756326624e-06
85,S,0.039640077579734964,0.0015307328812163695,0.0001955905495571341,0.00041393665950293084,3.385785138587595e-06,0.005647891775541661,3.7798352777182933e-05,1.8732719698056074e-05,3.364947765589608e-05,1.4112862129467705e-05,1.0918427650656076e-05,0.002014282616746709,1.780852662771657e-05,8.975589084419129e-05,2.048830126328977e-05,0.9487764671247305,0.0013304971515148464,0.00019868637587756155,1.2067462037982382e-06,3.98019558845361e-06
86,D,0.0007401474682258568,9.398357450548773e-06,0.8959433002989967,0.0985811175358134,1.0088949076602455e-05,0.000574243932795745,0.0002441335010372116,2.3832162915260175e-05,4.855352645416319e-05,4.0608402554397946e-05,1.4604866032693622e-05,0.0018440321006429055,2.4033745131390226e-05,0.0003581490486028673,7.69598110121234e-06,0.0005010292893600813,0.0006466485947374421,0.0003294903724434701,2.06974392159885e-06,5.682212270648436e-05
87,L,8.241712132531436e-05,1.2106339014855399e-05,5.089077772245816e-06,1.236072327780103e-05,0.000274322427111231,6.145746176826721e-06,4.8590136500668774e-05,0.0013327518926429815,7.869091208740053e-05,0.9733810046761604,0.02276152601280192,4.054881676891608e-05,2.030210584756885e-05,0.00038791076748627174,3.803582044722084e-05,0.00011036994827899035,0.0006361035541535952,0.0007274785072846881,8.027345482992855e-06,3.6218069378131174e-05
88,H,2.6914033130673995e-06,2.325728233123548e-06,2.8305582870833455e-06,1.685321629873442e-06,1.6028137922937618e-06,2.713024383544006e-06,0.9996444896051109,8.698604694797474e-07,3.4392727074936072e-06,4.212872289923534e-06,7.429059160586709e-07,2.0643666213674988e-05,2.447625413750194e-05,0.00014466980809799547,3.8184666749617546e-05,4.861107862556862e-06,2.5109159191092103e-06,1.3348937361056867e-06,7.966416886117724e-07,9.491867946195836e-05
89,A,0.9697337197770495,0.0014145190255506295,1.2969633507788375e-05,5.9685804939901905e-05,3.65954934519955e-05,0.0019984580839778592,1.5444003441332112e-05,2.025529539103199e-05,3.320821358763886e-05,3.4473658508362226e-05,5.860013738386113e-05,5.225521335943724e-05,3.165264005209525e-05,0.00012094545038181653,1.7431108138151868e-05,0.02360976728882671,0.0021289761233072293,0.0005868044363979673,2.5851250142486274e-06,3.165348773247511e-05
90,H,0.0011612926971212903,0.0005936916386382722,0.0008855700286369781,0.0007095750587692887,0.17484964144420098,0.0007416724107952986,0.507627923993035,0.0005664016715574515,0.0009135380669770042,0.015402388943891145,0.0013474135660515682,0.07095113017934425,3.672001263059821e-06,0.018698450668029765,0.0005693282222226643,0.005462814945784081,0.009950406839863707,0.002256090754436958,0.0003034457070878806,0.18700555116229337
91,K,0.002373652493620642,2.1000184455335546e-05,0.00018083213563434782,0.0005461882000358377,1.7633876009465154e-05,0.000546412978880811,0.001975006950080381,0.01507803777318355,0.6696325271937451,0.000945429777198175,0.002417799268357415,0.007880926779881127,1.8624233203599596e-05,0.023370173959069585,0.012004034712245027,0.014717444301525212,0.20747384208565972,0.04079274881594958,1.4446213139509207e-07,7.53981913362837e-06
92,L,5.191921045142961e-06,1.2575327016177921e-05,3.190245966964421e-07,2.855147823791372e-07,0.0001557273324122164,1.0977462559623398e-06,6.209368578785298e-05,0.0005253820293088643,2.260886993366547e-06,0.9986453413483186,0.00014907198101449143,2.447797622600023e-06,9.308778725792401e-05,2.8331076126937345e-05,6.124652416598633e-06,7.392293830487182e-06,3.2996410144759085e-06,0.0002533559026890626,4.681861871072435e-06,4.1932189639036324e-05
93,R,0.00048452918764763727,0.001118726071838248,8.040658714931223e-06,8.630317644047282e-06,0.00047727413508870305,0.0039369129375253515,0.027778816610363615,9.601847055242361e-06,0.006607576045120389,0.0034997637069337736,0.00034106724729597105,0.0014504207264325276,2.133835531693493e-05,0.000643952703489233,0.951668848201175,0.0014828452997418407,0.00013337743737725335,1.742916643853615e-05,2.075746338383119e-05,0.00029009188141694255
94,V,0.0019789157872535544,0.00013080189531899347,1.1401395213778717e-05,8.139759655056263e-06,3.3805568964414907e-06,1.7986315267658534e-05,1.9061505386207368e-07,0.006164600652106369,1.3414724848355354e-06,0.00021415970485580738,6.301047179088547e-05,3.816248155785532e-06,2.880265131523302e-06,3.8022831705460217e-06,5.766075966097691e-07,9.66209356914032e-06,0.00013742738017841351,0.9912477284270305,2.9363781065518538e-08,1.487054892291915e-07
95,D,2.554688267192071e-05,3.4884182130881255e-06,0.9996593749932784,0.0002076757667668412,3.8891235722173494e-07,2.1857003215260726e-06,1.7814251384553848e-05,4.945048694857696e-07,4.706611936040879e-07,8.222736859641422e-07,2.9002980633733605e-07,5.1820403073064944e-05,1.1436790312642012e-06,3.009585637411941e-06,1.803341946828682e-07,1.0489239685194568e-05,3.8353245096073356e-06,6.869099147808355e-06,6.254028051746816e-08,4.037399891500103e-06
96,P,0.0010756145591711813,2.8041384539138272e-05,4.010149691066837e-06,1.2822386695922779e-05,9.123164342754732e-06,2.7828473099160154e-05,3.673975011311183e-05,1.5468151540834763e-05,1.6879112981421763e-05,0.000351638783965468,1.0787805215603206e-05,5.999104108097038e-06,0.9974736045932081,0.00010232491754124725,4.245852516058102e-05,0.0005556919351330618,0.00015881556663512687,6.802508774588478e-05,5.795323264998551e-07,3.5470167856901183e-06
97,V,0.18971147771906255,0.001945152036782486,0.018485712563637742,0.004271408674081122,0.0005027118415005093,0.015027842387030876,0.00024084920435554346,0.006726687417911145,7.496801493582613e-05,0.0021595288608352264,0.0019281096393056311,0.001455315128878739,0.004177794934223218,0.000679605938698312,4.239661347065633e-05,0.009071083705167847,0.03170338755443106,0.7114691243995578,5.3759226819866774e-05,0.0002730841393138425
98,N,0.00016246559608734378,8.87323053835264e-05,5.5071874917621345e-05,3.9102204854019645e-06,5.048820640462632e-06,9.689530075428251e-05,0.00039449880134747244,1.2385281806736601e-05,9.180444094232207e-05,1.1006393889289326e-05,1.4836067642247497e-05,0.9966980710185086,2.9142910755701363e-06,0.00010675929730230106,8.615141567013074e-06,0.0020143176472173637,0.00018182811342130485,8.889055573366122e-06,1.0771644106982553e-06,4.087316702712723e-05
99,F,2.021436654195945e-05,6.985434872580375e-05,4.242923548207853e-06,8.581913096046728e-07,0.9806323863394467,2.719150873082122e-06,5.4579257694508744e-05,0.00020797338442027076,3.1515595131474034e-07,0.0007689804211624282,0.00014608047045479354,6.424893091247515e-06,4.068834761776925e-06,2.672206550624216e-06,1.6537969726561358e-06,3.520025866422602e-05,1.3161857320587e-05,0.00012265130425067445,0.0002603445970664412,0.017645618241193095
100,K,0.003753625813461735,4.701781010102437e-05,0.00038403303656239893,0.0020188320836244528,2.491440738383136e-05,0.0007093898218135763,0.0027045468621132614,6.946119100852239e-05,0.934967327765345,0.0001737330753235568,0.00014867263869948615,0.004019660675514355,0.001004930419366259,0.018712187251719914,0.02313202538033864,0.003910215259709087,0.003698165028522236,0.0002837565690130808,6.6685376696663176e-06,0.00023083637270992068
101,L,0.00014857854830948927,0.0001212969224820697,8.320904031078877e-07,9.50657790290716e-07,0.07934409573142949,7.904070316765629e-06,8.387525733605884e-05,0.07295376189773206,1.0065327997550963e-06,0.8265487019684165,0.005290183529483262,8.304942097629821e-06,2.6040596614774543e-05,2.3086099247745963e-05,5.100546753276501e-06,4.2334584118643447e-05,0.00016201290349751702,0.013647604139595407,0.0002570168834537047,0.001327312098122512
102,L,2.864992435733235e-05,7.671992716988602e-06,3.9811813220110587e-07,7.98147131391385e-07,0.0007279185148815946,6.41776229009091e-06,6.25562736339294e-06,0.004785854439795442,2.0273480201919586e-06,0.991585917035019,0.0009730153189982392,2.745776027268842e-06,5.602369152108044e-05,1.367981855818442e-05,7.123910407414786e-06,2.1675570897069234e-05,0.00017058103155040042,0.0015729143822510784,8.02421616244177e-06,2.2307373919265795e-05
103,S,0.020337499197087276,0.0006431641486232745,8.414424987675244e-05,2.396496957373189e-05,5.0733551298329975e-05,0.007488468617007662,0.0005871020338314711,5.675286777592725e-05,9.342646297326893e-05,4.814119486863808e-05,4.404689244408889e-05,0.028024411650130882,0.00011880271018678112,0.0005693466142039353,0.00011444186153406754,0.9124301576158917,0.02905360141462086,0.00011867487044368127,1.4077910599910699e-05,9.90411670277564e-05
104,H,0.00010266287148730684,1.7319205066316848e-05,0.00010407660470378917,0.00013487549379876442,4.423483711422414e-05,4.766614933406427e-05,0.9923344769100019,1.867455933229225e-05,6.714584850884979e-05,0.0002470854173616805,3.0180671397837556e-05,0.0006658705350378446,0.00015828749386880033,0.00483321312500424,0.00024138883669707213,0.00017755547976230272,0.00019680888456067008,2.153022934310977e-05,5.53907355036914e-06,0.0005514077740686025
105,C,0.002539582709534115,0.8461414178068376,0.0008084566042630167,1.3884498450615224e-05,7.711672532518035e-05,0.0006641379597113398,0.0003704484603995099,0.00015344041750466937,1.0149740312697655e-05,0.00011532162390614492,3.8056685086600455e-05,0.14014320070617112,5.930247376648502e-06,4.999108376669879e-05,9.865707195396176e-06,0.006191488703734729,0.0013303206690073717,0.001126453756944497,1.6180646170988926e-05,0.00019455524830104998
106,L,5.734050556084601e-05,6.830198686828031e-05,1.8245996997649214e-07,2.030455055360124e-07,0.08455209278403598,2.830771061473365e-06,6.980788877456316e-06,0.25027317759714396,4.873651803133917e-07,0.6513333231712966,0.01012453660484915,2.4231580417714303e-06,1.9311796297348205e-05,5.050834291121895e-06,1.4260480339574116e-06,2.8062079270209154e-05,0.0002561782377423998,0.0029966858509676408,0.00011353832862533378,0.00015786658638071186
107,L,0.0004434059394521134,8.018446675560105e-05,1.2918735337277364e-05,6.102387144596111e-05,0.0005482399651351747,4.0207314158667874e-05,0.0003319764858963782,0.031273490075460646,6.787706236882919e-05,0.896238746524046,0.058071046704514684,0.000263045160901522,5.220992709913154e-05,0.004554871360530379,7.29686220331957e-05,0.0003245545049489703,0.0036924784788121326,0.0038056014639476464,1.716246509743101e-05,4.7990872058297366e-05
108,V,0.0008434451859116553,0.00016997285527919762,5.239148173142116e-06,1.4609034864782517e-05,0.00010579925288034682,4.155496002761875e-05,1.8276623761428572e-05,0.10754224100773163,3.832684267042771e-06,0.024418096276735794,0.002071673686477581,3.110981699851757e-05,3.4688415723345426e-06,5.1738088894880774e-05,5.37746495476948e-06,8.568325485053274e-05,0.0011022593705130586,0.8634490911681579,5.335006935198602e-06,3.119627101251273e-05
109,T,0.020941785794417397,0.0156378637881998,1.252684930217977e-05,2.1667709687166995e-05,5.9909819116651764e-05,0.00040598085698624565,1.58976421607219e-05,0.0007887674279514358,6.398003176611418e-06,0.0007062233395942632,0.002173021631152385,0.00013698423586761476,0.00013249052448881994,3.904705669808231e-05,4.957132504370341e-06,0.01032909510876231,0.920169752413774,0.028363696547038776,7.033523213483857e-06,4.690059590770262e-05
110,L,0.0007158968697118826,0.0005316589200011559,3.352262390776798e-07,8.603260772923172e-07,0.024252588625519076,1.9454192710406965e-05,4.446961340042787e-06,0.19334103348589535,1.9792773684347785e-06,0.6718180991112103,0.04695631177015019,4.435961609210083e-06,6.635008260801852e-06,1.0566656677411455e-05,2.7976538407372433e-06,3.8070608666669705e-05,0.0006318198240805716,0.06116153904266921,0.0002422273955801997,0.00025924308239200276
111,A,0.9699801375731318,0.0003884570270369098,5.594776384351718e-05,0.00011867636442069668,1.9284017184902675e-05,0.007927667430441324,4.493848114187409e-05,4.665044323754812e-05,1.9198726489692445e-05,3.73941336152684e-05,3.725826222177689e-05,0.00012539147007538276,0.00018294578909171268,0.000130608745320721,1.259956517596897e-05,0.014333244633872005,0.002802612321381392,0.0037134922807010987,1.2915802997598661e-06,2.2203391316605212e-05
112,A,0.24386739070684382,0.009425844656442795,0.0010293139050743972,0.001530448635814346,0.003434626292048734,0.014946316545396353,0.008224647560682325,0.02782440074235468,0.0004928487180702629,0.05084451601802599,0.06519587133539033,0.013826203536525944,9.33282230145313e-05,0.011207304783994638,0.00030343781544387664,0.30694870364656496,0.19929080694692797,0.03882945305614306,0.0003047033718636271,0.002379833503377336
113,H,0.04362904935270371,0.005477992376116022,0.002377891061696556,0.002965473922236125,0.011384095654430038,0.008126235559164096,0.6828686789490539,0.0012297492138365583,0.042795939379086975,0.025917837632618373,0.004385368375632614,0.031191755132044887,5.782026433156091e-05,0.05079740122706395,0.01700904457302814,0.013662720443662065,0.010019209612101456,0.00493796194907904,0.0006778301545520394,0.04048794516756193
114,L,0.0038654010201446365,0.006395575087808776,0.0022129205976137785,0.00024960672805979966,0.19948423329036272,0.0006488622638624666,0.6511872698407999,0.000527553957248633,2.5769678275844433e-05,0.007893656209194595,0.0021555637973309206,0.03592376429498243,5.323854692878204e-05,0.0023880907053026746,0.0005117379551376977,0.009510373702936541,0.0002867402287945951,0.0003230166709491134,0.0011828396784263207,0.07517378574583984
115,P,0.025566380397588077,5.06806878309577e-05,0.0011760720884581874,0.003764580962005117,6.310053903376856e-06,0.5106269762258838,0.0013787229531691144,5.430980854089191e-06,0.001573117625836077,6.866166157831387e-05,2.7348808949989497e-05,0.0011425257785401286,0.4296735650251553,0.00759920777396157,0.0004221043084155576,0.014473327239634294,0.0023255346050007363,9.683492012004552e-05,6.608163248746015e-06,1.600973986651248e-05
116,A,0.40035045250528317,6.227059904997812e-05,0.008346041084110202,0.003941828682322953,7.819318036255959e-06,0.3750571627379011,0.005075101349294758,6.131980268376859e-05,0.023647108023046384,0.00040494617762958275,0.00032096264805164554,0.03198192290553593,0.001463281806734075,0.007080663572681465,0.0011094621578309272,0.09100804305033575,0.048845208839437625,0.0012058049051162265,4.518931652088855e-06,2.6080903266148632e-05
117,E,0.0015372042996827236,5.202588997067938e-05,0.9177474436677768,0.07725684133612422,9.57666289400916e-06,0.00021000614130679826,0.0006692567356147843,3.828809418937982e-05,1.3998867033987243e-05,0.00011374135512897067,1.5003890857362895e-05,0.00021908627314457224,1.5350544004269034e-05,0.00040887479470796067,2.1539014994972798e-06,0.0005081530952962232,0.0006871198482724673,0.0004537532131657268,7.440341412435308e-07,4.137735518824476e-05
118,F,6.235010949283571e-05,0.0004210724192622669,3.018067531238822e-06,9.574323066009618e-07,0.9826596243280822,1.143206350173918e-05,6.6397429751373e-05,6.6518353121459e-05,1.3294734480741772e-06,0.007297942084840439,0.0005623137677978753,9.98344969663359e-06,3.065601206305267e-06,9.708236066493992e-06,5.0424109423067465e-06,0.00025144688719713407,2.8099643614433355e-05,9.209030247515299e-05,0.001121587825198788,0.007326020114466616
119,T,0.002189301349527115,0.00012199080495827764,0.002584577082925875,0.0002746657947569014,2.7592647082828195e-06,0.002263917141676345,0.00018272150695375442,0.00015187620261065366,0.0003987590113192228,9.925891968689532e-05,5.962693081016143e-05,0.021444620247421633,0.0009707991374553681,0.00012243849656794572,5.68033813738826e-05,0.042531044831748244,0.9259020229232172,0.0006358844275976068,9.566652375781594e-07,5.975879447022101e-06
120,P,0.011229880773051145,5.455746217920683e-05,7.806131237207341e-05,6.018975370207141e-05,1.839637205986402e-05,0.00039723435035573693,0.0004967297925972758,3.514391060893423e-05,2.378126179443417e-05,0.00039430096295866955,2.596250118876209e-05,7.691209186605941e-05,0.9831223668901671,0.00024248883734357782,3.989918361981123e-05,0.002192912524110292,0.0011660411355023889,0.0003330117637857646,1.310727662150295e-06,1.0818393074706528e-05
121,A,0.23514235417835366,0.00012911007818029981,0.2256014538814044,0.32282572047118935,5.870198555789103e-05,0.024403749312133894,0.003726183309429846,0.0004331012444966563,0.0030892647959424404,0.0014899410862447427,0.0004425104270070784,0.007803556306518671,0.01681330222469374,0.0782537052456318,0.0005358598577128292,0.03755256018907842,0.03344751894323343,0.00812844122718327,8.657089988482146e-06,0.00011430814601907979
122,V,0.13487900946737857,0.005321924319843156,0.00021048453630071216,0.000522853381634487,0.017994997087580802,0.005514096397213521,0.0006572773953796106,0.07203964636256538,3.6296830982851594e-05,0.0692394973083784,0.05615296059634449,0.0008502484473542643,8.539310299231303e-06,0.0015041018820626372,8.094658754375359e-05,0.01835684934467497,0.0647820222985123,0.5508540851927745,0.00011966395330215668,0.0008744992998742336
123,H,0.00034068358829419113,6.836403675474421e-05,4.9957133734901506e-05,0.0002923868515193018,0.000132189113091568,0.00011560148534384547,0.7542597624731125,2.4471141800275718e-05,5.555201355959798e-05,0.0005380479377843162,0.00012773763906423128,0.0010916960436109264,2.7464698493378632e-05,0.24165700681246385,7.369180078011348e-05,0.0003526369475542779,0.00012421121865682438,4.511103598643248e-05,9.81030103282902e-06,0.0006136177273619004
124,A,0.8319755706511308,0.004326529218700521,0.0012695660210776624,0.0027359943275224504,0.0004752643673672405,0.018275371447923593,0.0007146905886286543,0.00504183081970561,0.0002960965568745299,0.013661434394071342,0.002108421926600009,0.002715353902197663,3.444233750040035e-05,0.00259681878175159,0.00015687694743129048,0.043495142272122096,0.026054587540350022,0.04390170619371321,2.1060645492318815e-05,0.00014324105983895715
125,S,0.30703104536586506,0.006991819882335955,0.0004041887700631199,0.00017839887695154466,3.0399286824716886e-05,0.007234328219942458,5.91459678065907e-05,0.00023017531461604022,6.818844944934989e-06,0.0002790190089254759,7.644967965993674e-05,0.0005951315008611033,8.388479248840447e-05,8.434894633863814e-05,8.055677220160817e-06,0.662341638691124,0.012383165576306858,0.0019423099365029337,4.640249277036553e-06,3.503541194505298e-05
126,L,0.005869542989612903,0.005025782042900262,1.877515552295881e-06,7.633742929663867e-06,0.4527670924746779,0.00028676690642352547,0.00017417636136880156,0.020170362271667977,4.216630378756418e-06,0.22654315714096923,0.10395150733690417,7.293473583248108e-05,3.4490813515737654e-07,0.00010369141596016236,6.8459761095297935e-06,0.000944352017543834,0.009460904274271964,0.08627148160266747,0.048652122221148474,0.03968520743494549
127,D,4.0850268562730394e-05,8.93266247617153e-06,0.9964170907931944,0.0028305506887846884,1.4453852175407306e-06,7.357207448006939e-05,5.3117865305532136e-05,4.0347194148161535e-06,2.1930068778238914e-06,3.2357328375289617e-06,1.1039358721890358e-06,0.00043386484008847367,2.575556239959275e-07,2.0131853301890943e-05,5.593828614983109e-07,3.550483562864977e-05,1.6466670522382096e-05,3.7601604000709224e-05,2.1176635356677278e-07,1.92743585952945e-05
128,K,0.02220963194946947,0.0008332796694065962,0.0006350769412988337,0.002964958462636684,0.00021186186492023473,0.0038328047975363278,0.004006262583929179,0.003230333716041171,0.8282369321298146,0.00864919201138956,0.003750922911694706,0.011394862943779288,0.00013024142177747307,0.01603549616917251,0.026687118877107868,0.01665783165703166,0.04357057345865209,0.006593379157031792,4.1493889281192884e-05,0.0003277453880287356
129,F,0.0001675304883219667,8.978478605716845e-05,5.840563340488079e-07,5.239812708729319e-07,0.9907837403690218,3.7280048386276325e-06,2.0813001263178285e-05,0.00018546978095200487,3.0578891608572934e-07,0.0034126160996707008,0.00023063469151246091,3.8031944061880202e-06,6.395631160505235e-07,1.7227906556944405e-06,5.301254800175326e-07,6.037422209864322e-05,0.00013781312977293456,0.0006059719469248282,0.0004048996505152499,0.0038885143288713985
130,L,5.9792949119951855e-05,0.00015765260982233688,1.3246921901423022e-06,3.835770871779991e-06,0.004746837720631815,9.054122381086332e-06,2.705250720722063e-05,0.007822350848437612,3.7931955081315037e-06,0.9704225271373558,0.013600360136784981,1.6014313944722943e-05,1.221339862785333e-05,5.614306938721208e-05,5.646597166990833e-06,7.924942464495472e-05,0.00019930069420143662,0.002348283570519186,0.00012119885805186432,0.0003073683831449811
131,A,0.4421478632443173,0.005861539031354773,0.0021126327442152286,0.0032100698585192113,0.0031131673494726696,0.08779978226688313,0.0030129257832135718,0.003924876534754657,0.000462543302006139,0.011189314132550459,0.004958609159295123,0.012010668655262706,0.0001414674470805648,0.023496911843979826,0.0003709654786004936,0.2672596424624491,0.11204237047696747,0.015201399176836647,0.0003990111377233732,0.001284239914517531
132,S,0.3891868698163831,0.004084614372244076,0.015929895375269995,0.00769649352268467,0.0008344584405004914,0.05314248982348807,0.010819864492048381,0.00687049607435346,0.001667072503685143,0.007809539893877634,0.003295031123125817,0.27030083798797966,0.00013239507435012178,0.01494232334941732,0.0008277838505221818,0.14420880640778716,0.046679111839851226,0.019846068959420857,4.760215411745606e-05,0.0016782449388931936
133,V,0.0030391599191029184,0.0002250917963919554,3.0960410665555706e-07,1.109506032326753e-06,0.0004305872656179998,3.043131364923486e-06,4.854146161316462e-07,0.006408842385253051,3.445073600306152e-07,0.015494166288064281,0.000413294395945555,3.501106969259275e-06,4.0708474721965585e-06,1.4744153135072745e-06,2.670418372422149e-07,4.932836497981212e-05,0.0005916798998274076,0.9733254675844251,2.1844395839553497e-06,5.592085735751452e-06
134,S,0.4771010982346464,0.015365954700826441,0.00016916087646480943,0.0002075991205323139,0.00033520794867796915,0.014260152902252543,0.00026566133386495645,0.0030408564573356695,5.639430036572472e-05,0.00044588106418923,0.0006924207970470561,0.013800270545707554,4.6417716713216946e-05,0.0003435943640602281,5.103831286832753e-05,0.4328776467342533,0.025718878041473336,0.015000151212634654,3.989606808995624e-05,0.0001817192679963279
135,T,0.29735133294809524,0.0020138722742535082,0.015789555736830548,0.029937353713297078,0.003097673983084441,0.04988142896061872,0.019633728165965113,0.014838569130415641,0.003374976080594523,0.037511657218410405,0.006630053208272745,0.020265948468218036,0.0004069730590975093,0.030219542964753137,0.0011277483754815064,0.1633008399715634,0.22833961926803903,0.07110876326554434,0.0004092633740845557,0.004761099833380554
136,V,0.06780333410385922,0.0012669783938092105,0.00020129575016841983,0.0013995113105430511,0.0011534747634011728,0.0003374773292583548,0.0002900450678864707,0.19926504224438027,6.750985088848006e-05,0.03589909494228259,0.00510720316360292,0.0004680166268695854,0.00011542653947110752,0.0005600081878157543,3.4404063873115786e-05,0.002622829043921159,0.03964226936225223,0.6436045617658753,1.0133990122335985e-05,0.00015138349971921273
137,L,9.92952620800853e-06,1.9322013702364275e-05,2.0808137779943074e-06,3.1795047975311398e-06,8.461445397891226e-05,7.644643221458379e-07,6.863081629829011e-06,0.0032358227830088814,3.833452389745012e-06,0.9931672887830277,0.0006343954520656,3.934841799026664e-06,4.014392307002332e-05,1.4345434036750794e-05,7.701137518548493e-06,1.424581547456375e-05,3.806975269721175e-05,0.0027074511098288145,3.4106389982318264e-06,2.6030176680535656e-06
138,T,0.2764133535503584,0.004073377595947429,0.0007041972242293528,0.0022637571253460555,0.0001352853651349087,0.03511605796739668,0.0003435357487738417,0.0029573272858634627,0.00032343430105918604,0.0009889956397878975,0.0016555944048071208,0.0024854008584771076,7.426697467402721e-05,0.001479563550938538,0.00020242008863241491,0.16702456522305395,0.4988817814713336,0.0047635397477984375,2.2920396085193243e-05,9.062548030241616e-05
139,S,0.0808719777628856,0.0006184536511756433,0.08018498706275305,0.5940590526346321,0.00020108910682324312,0.01748355679521238,0.003985836734217888,0.00029716407446074274,0.0023710622640961488,0.0017593464512815,0.000739309577559291,0.022185011325684918,2.2413982399997262e-05,0.016219844245924066,0.0007568175610340751,0.15261431010508414,0.023300422161412523,0.0019398369999871564,2.52373214747013e-05,0.0003642701819008605
140,K,0.00037468549205182434,0.00010200662283845191,6.61957404086533e-05,0.0003114563559213327,4.6652624811655566e-05,0.00014753900204702314,0.002394023764302634,8.701431423513706e-05,0.9578187205833517,0.00047976964977513773,0.0010769049582935563,0.002351920949666275,1.241029886863736e-05,0.00825929500025159,0.023905519375412604,0.0009995964391285956,0.0013594496810505527,0.00012531829038145436,1.3143612498262258e-05,6.837724470491017e-05
141,Y,2.0333604371954257e-05,0.00013021348106528953,8.26758976688673e-06,1.7794759922463348e-06,0.0003291274707907908,8.462705690122023e-06,0.000126382337420135,6.330021836363247e-06,2.330506713927844e-06,5.377784043004798e-05,1.1733369459612964e-05,3.825301663697004e-05,1.6646837896909312e-06,1.0223647634208264e-05,2.3003438647930254e-06,3.429429747570399e-05,9.042200746121443e-06,8.117622959595852e-06,1.9656837850812333e-05,0.9991777089455047
142,R,0.0008936260136313809,0.0005386690395603308,3.1620411564873015e-05,9.153824620847909e-05,3.348328096935796e-05,0.0006055809502186092,0.052647021134456046,9.794440075988036e-05,0.011865246404518628,0.0002989628044952956,0.00010796337530503259,0.0003447554114242738,0.00033930466108391294,0.0014343933829557489,0.9284136542006631,0.0010616637047991765,0.0007488356718175679,0.00019675818690010854,0.00010946544511992716,0.00013951327354828137
